game,player,hand
0,north,DS AS JS 7S 9H AC 8C 4C KD 8D 6D 5D 3D
1,north,AS 7S KH QH TH 6H 3H JC TC 8C KD 4D 3D
2,north,KS JS TS JH 9H 8H 6H 5H 7C 4C JD 9D 4D
3,north,LS KS 6S 5S 4S KH QH TC 8C 6C 9D 4D 3D
4,north,AS KS JS TS 9S 6S AC 8C 5C 3C AD 6D 3D
5,north,DS TS 8S QH JH 9H 6H 4H 3H 9C 3C 6D 4D
6,north,9S 6S 5S 3S AH QH JH 3H QC JC 7D 6D 5D
7,north,8S 6S 4S AH QH TH 5H 4H 3H 6C 3C KD 8D
8,north,KS TS KH QH JH TH 7H 3H AC KC 6C JD 9D
9,north,LS AS TS 7S 8H 6H 4H 3H 9C 5C TD 4D 3D
10,north,KS JS 7S JH 6H 4H AC QC TC 5C 4C 7D 4D
11,north,DS QS AH QH TH 3H 8C 5C KD TD 7D 4D 3D
12,north,DS KS 3S JH AC KC JC TC 5C JD TD 8D 6D
13,north,LS DS AS 3S QH 4H KC 8C 6C JD TD 8D 7D
14,north,LS DS KS 9S AH KH 8H 6H 3H 6C 4C KD JD
15,north,LS 9S 8S 7S 5S KH QH 6H 3H 9C 6C 7D 6D
16,north,DS AS 9S QH 8H 7H AC KC QC JC 9C 4C 7D
17,north,LS 4S KH QH JH 9H 7H 5H QC JC 7C JD TD
18,north,BS LS DS JS 8S 7S AH 5H JC 4C 3C KD TD
19,north,BS 6S QH JH TH 5H JC 8C KD QD TD 9D 6D
20,north,LS DS AS 6S 5S 4S AH KH 3H JC TD 7D 4D
21,north,QS TS 6S KH TH 5H 3H 9C 7C 6C 5C QD 5D
22,north,JS 9S 6S 5S AH KH QH JH 5H AC QC JD 9D
23,north,LS AH TH 9H 8H 7H JC 8C AD QD JD 7D 3D
24,north,AS KS 9S 5S AH 7H 6H 5H 3H TC 8C 7D 6D
25,north,BS AS KS 7S 5S QH 9H 6H 3H 3C KD JD 4D
26,north,BS JS 6S 4S KH 8H QC TC 9C 8C 4C 3C 3D
27,north,TS 6S 4S AH TH 7H AC KC JC 5C KD 7D 6D
28,north,DS AS QS TS QH JH 6H 3H KC 7C 4C 6D 4D
29,north,DS KS 6S 5S 4S 3S TH 7H 6H KD JD TD 7D
30,north,AS KS QS TS 7S 6S 5S 3S QH 9H AC 5D 4D
31,north,DS KS 8S 7S JH TH 8H 6H 3H 2C KD 9D 6D
32,north,LS TS 8S 4S AH QH TH KC 8C 5C QD JD 3D
33,north,QS 4S 3S QH TH 8H 5H 3H JC 6C 2C QD 6D
34,north,DS KS JH 9H 3H TC 9C 7C 4C TD 9D 6D 5D
35,north,AS KS JS TS 4S KH QH 4H AC JC 9C 8C 2C
36,north,LS 7S AH QH 7H 6H 4H QC TC 3C 8D 7D 4D
37,north,BS DS 7S JH 5H AC 3C AD KD QD JD TD 8D
38,north,BS 3S AH QH JH 8H 5H 4H QC 6C AD JD 5D
39,north,DS 8S 5S 3S KH JH 7H 4H QC TC 7C 3C 7D
40,north,QS TS 9S 8S 5S JH 5H 4H 3H AC 6C 5C 6D
41,north,LS KS TS 9S 8S 6S 5S 8H 7H 4C 3C KD 7D
42,north,QS JS 8S 7S AH 9H 3H QC JC TC 6C TD 8D
43,north,DS KS JS 9S 8H 5H QC TC AD QD 7D 6D 5D
44,north,TS 4S 3S AH JH 3H 8C 6C TD 9D 5D 4D 3D
45,north,BS AS QS TS TH 5H 4H 3H KC QC JC 2C QD
46,north,DS 5S 3S KH 8H 5H 4H 2C AD QD JD 6D 5D
47,north,BS LS 4S AH 9H 8H 3H QC KD QD TD 8D 4D
48,north,BS DS 9H 8H 3H KC QC JC 6C 3C AD JD 8D
49,north,DS JS 8S KH 9H 6H 5H 3H AC JC 9C 6D 3D
50,north,9S 6S 5S 3S 4H 8C 6C 2C AD TD 8D 6D 4D
51,north,BS KS 3S KH QH TH 9H AC KC AD TD 9D 6D
52,north,AS TS 8S 6S AH TH 6H 4H KC JC 8C 9D 4D
53,north,QS JS 9S 5S 7H 3H JC 7C 3C 2C QD 5D 3D
54,north,BS LS 8S TH 8H 7H 6H KC QC 2C 9D 7D 3D
55,north,LS DS KS 8S 7S 5S 3S JC 4C AD QD 9D 6D
56,north,BS AS KS QS 7S AH QH KC 5C JD TD 9D 8D
57,north,KS QS 8S 7S 3S 4H AC QC JC 8C 4C QD 9D
58,north,DS JS 9S 8S JH TH 5H 3H 8C KD JD TD 7D
59,north,DS AS 4S 5H 3H AC TC 7C 5C 2C TD 5D 4D
60,north,QS TS 9S 7S 6S 3S KH AC QC 5C 3C JD TD
61,north,5S 4S AH KH TH 7H 6H 4H JC 9C 3C AD 9D
62,north,DS QS 4S KH 9H 7H 6C 5C 2C JD TD 8D 5D
63,north,BS KS AH KH 8H 5H AC TC 3C KD JD 7D 5D
64,north,AS TS 6S 5S 7H 6H 5C 2C KD QD TD 8D 7D
65,north,QS TS 3S KH 8H 6H 4H AC 9C 4C TD 9D 8D
66,north,AS KS 7S 4S 7H KC TC 8C 7C 2C AD KD 3D
67,north,7S 6S 5S 3S AH TH 7H 3H JC 7C 4C QD 3D
68,north,DS 7S 6S 5S 9H 8H 7H KC 9C 8C 6C 5D 3D
69,north,DS TS 7S KH 7H 6H 5H 4H TC 6C 3C 6D 4D
70,north,KS QS 5S AH QH 8H JC 6C 2C 9D 7D 6D 5D
71,north,TS 8S 7S 3S AH 6H KC TC 5C 2C JD 9D 6D
72,north,DS 9S 5S 3S QH 9H 7H 5H AC KC 6C 2C KD
73,north,AS QS JS 9S 6S 4H AC KC QC 8C 6C 4C 5D
74,north,LS KS TS 6S JH 9H AC QC JC 9C 9D 7D 4D
75,north,AS 9S 8S 9H 6H 4H AC 6C 3C 2C AD TD 7D
76,north,BS DS QS JS 8S 3S KH 7H 6H 3H AC TC 8C
77,north,8S 3S QH JH 6H AC 4C 3C KD QD JD TD 4D
78,north,BS AH KC QC JC TC 9C 7C 6C AD KD TD 5D
79,north,7S 6S 5S 4S TH 8H 4H KC TC 8C 6C 5C QD
80,north,BS LS AS 9S 7S JH JC 9C 4C 3C AD 7D 5D
81,north,LS 5S KH 8H 7H 3H AC 5C AD QD 8D 5D 4D
82,north,JS 6S AH TH 9H AC 9C 8C 7C 6C 5C 2C 9D
83,north,BS AS 8S 5S TH 7H 3H QC JC 8C 9D 6D 4D
84,north,LS KS 7S 5S 4S 7H QC 9C QD TD 8D 5D 3D
85,north,AS KS 8S TH 9H 6H 5H QC AD QD TD 8D 5D
86,north,KS JS TS 8S 9H 5H QC TC 7C 4C AD 5D 3D
87,north,BS DS JS 4S 3S QH 8H KC 8C 6C 5C JD 7D
88,north,BS LS KS QS 9S 8S KC QC JC 9C 4C JD 5D
89,north,QS JS TS 9S 6S AH 9H 6H 4H 3H 6C 8D 4D
90,north,BS LS KS QS 5S JH 8H 5H KC QD 5D 4D 3D
91,north,BS LS QS JS 9S QH 8H QC 9C 6C 5C JD 8D
92,north,BS 9S 8S 6S 9H 7H AC QC 7C 5C AD KD QD
93,north,LS QS 9S 5S AH 9H 5H 8C 7C 5C 4C 8D 6D
94,north,KS QS JS TS 7S 3S 7H 3H 7C 4C QD JD 9D
95,north,KS 7S 5S KH 9H 7H 5H JC TC 9C 8C JD 3D
96,north,BS TS 7S 5S TH 9H 5H 4H JC 8C 6C 3C 3D
97,north,9S 5S 4S 9H 4H AC JC 8C 2C KD QD JD 7D
98,north,BS DS AH QH 8H 5H AC TC 7C 3C 2C JD 5D
99,north,AS 9S 8S 6S TH 8H 5H 3H AC QC 5C AD TD
100,north,JS 5S 4S JH 6H 4H KC 9C 8C 2C JD TD 5D
101,north,BS DS AS TS 3S 8H 7H TC 3C 7D 6D 5D 3D
102,north,8S 6S 4S 3S 9H 7H 3H AC AD 9D 8D 4D 3D
103,north,LS QS 9S 8S TH 9H 6H JC 9C 7C TD 9D 3D
104,north,LS DS TS 9S 4S 3S AH QH TC 9C 4C 5D 4D
105,north,AS 8S 7S AH KH 7H 3H KC 8C 5C 3C 8D 6D
106,north,DS QS 8S 5S KH 7H 9C 7C 2C 9D 8D 6D 3D
107,north,QS 7S 5S 3S 8H 7H 4H KC TC 5C QD 8D 5D
108,north,QS JS KH 5H 4H JC 7C 6C 4C 3C 2C AD KD
109,north,DS QS TS 9S 8H 4H 6C 4C 3C KD QD JD 6D
110,north,BS LS DS QS 8S 7S JH 9H 7H JD TD 9D 7D
111,north,DS KS 6S 5S QH 7H 6H 5H AC 6C 5C 8D 5D
112,north,AS 9S 3S QH 7H KC 5C 4C 2C AD 8D 6D 4D
113,north,AS TS QH JH 7H 3H QC JC 6C 2C AD 9D 8D
114,north,BS JS 7S QH JH 3H AC KC QD JD TD 5D 3D
115,north,BS DS AS AH KH 7H 9C 8C 6C QD 9D 8D 6D
116,north,JS 4S QH JH 7H QC 4C 3C 9D 8D 7D 6D 3D
117,north,KS JS TS 9S 8S 4S AH TH 6H 8C 7C 5C 7D
118,north,KS QS 9S 4S 8H 6H KC JC 8C 5C AD QD 7D
119,north,BS AS KS QS JS 3S TH 8H 5H 3H QC 8C TD
120,north,QS 7S 3S KH JH TH 9H 4H 3H 9C 4C JD 6D
121,north,DS 8S 8H 7H 6H 5H TC 6C 2C KD 8D 5D 3D
122,north,TS 8S KH 8H 7H 3H AC KC JC TC 2C 6D 5D
123,north,LS AS KS 4S QH KC JC TC 5C 2C KD 5D 4D
124,north,LS DS 9S QH 7H 3H AC KC 7C 6C 4C 7D 3D
125,north,9S 6S 5S 4S JH TH 7H 6H 3H 5C 9D 7D 5D
126,north,BS 8S QH 6H 4H AC QC 3C TD 9D 8D 6D 4D
127,north,TS 8S 6S 5S 3S AH 9H 7H KC 8C 2C 9D 5D
128,north,AS KS JS 9S 4S TH 7H AC TC 3C QD 5D 3D
129,north,DS 7S 4S AH QH 9H TC 7C 4C 2C QD 9D 6D
130,north,LS JS 4S QH JH 8H 3H AC QC 3C QD JD 4D
131,north,LS 5S 3S AH QH 5H TC 6C QD JD TD 9D 4D
132,north,JS AH JH 3H JC 7C 4C 2C AD KD 7D 6D 4D
133,north,KS 6S AH QH 8H 7H 6H AC 4C AD KD 9D 7D
134,north,BS LS AS TS 9S 7S 3S 4H 9C 5C 4C 2C 6D
135,north,KS TS 8S 7S 3S JH TH AC QC 6C QD 7D 5D
136,north,DS KS QS 8S 5S 6H 5H 8C 4C AD KD 9D 3D
137,north,BS DS QS JS 7H JC 7C 6C 4C 3C JD TD 6D
138,north,BS TS 8S 3S AH 3H JC 9C JD TD 8D 7D 3D
139,north,AS KS 7S 6S 5S 3S AH KC 6C QD JD TD 7D
140,north,LS AS QS 7S KH 9H 6H 4H 9C 7C JD 9D 6D
141,north,BS LS KS QS 9S 3S TH KC 5C 2C JD 6D 3D
142,north,KS TS 8S KH QH 6H 5H 3H 7C 3C 2C 8D 7D
143,north,LS AS 5S AH KC QC 8C 5C 3C KD 8D 6D 3D
144,north,BS TH 4H 3H AC QC JC TC 4C TD 7D 5D 4D
145,north,9S 4S 9H 5H 4H 8C 2C KD JD TD 8D 7D 4D
146,north,TS 7S 4S AH KH JH 9H 8H 5C 3C 2C QD 8D
147,north,BS 6S QH 5H QC 7C 6C 3C AD KD TD 8D 7D
148,north,LS KS JS TS 9S 7S 4S TH 4H 5C 2C KD 8D
149,north,DS AS JS 8S KH 9H 7H TC 9C JD 7D 6D 3D
150,north,AS 9S 6S 5S 3S 9H 6H 5H 3H QC JC 6C KD
151,north,6S 4S KH QH 9H 3H QC JC 9C 3C 2C 6D 5D
152,north,AS QS 8S 6S 5S 7H 3H KC 7C AD JD TD 3D
153,north,LS KS JS 7S 5S AH QH 8C 7C 3C AD QD 9D
154,north,KS 9S JH JC 4C 2C KD TD 7D 6D 5D 4D 3D
155,north,BS DS KS 8S 3H 6C 3C KD TD 8D 5D 4D 3D
156,north,BS LS KS 5S AH 7H 4H AC 9C 4C JD 7D 3D
157,north,BS KS KH QH 8H 9C 8C 5C 3C AD 8D 6D 5D
158,north,BS QS TS 4S QH TH 9H 5H 5C KD QD TD 9D
159,north,LS DS 8S 7S 6S 3S AH JH TH 3H TC 9C 3D
160,north,AS 8S 7S 4S 3S KH 3H KC TC 5C 4C QD 4D
161,north,KS 9S 8S 8H 7H 5H 4H QC 4C AD 9D 8D 6D
162,north,7S 6S 5S AH KH 6H 4H 3H JC TC 5C 2C 7D
163,north,8S 6S 5S 4S 3S 8H 6H TC 9C 7C 5C 2C 7D
164,north,AS 6S AH QH 7H 6H 4H 3H QC TC 4C KD 3D
165,north,DS JS 8S 7S 5S KH QH 8H 7H AC 4C 2C JD
166,north,7S 5S 4S QH 8H 7H 6H 3H JC TC 9C 8C 4D
167,north,DS JS 8S 7S AH QH TH 9H 7H KC 2C QD TD
168,north,BS DS AS KS 5S 3S QH AC 9C 8C 3C 9D 8D
169,north,BS 7S 4S 3S TH 5H 3H AC QC JC 7C 3C 3D
170,north,DS KS 7S JH 7H 6H 5H 4H TC 8C 3C JD 6D
171,north,KS JS 9S QH JH 4H 3H KC TC 8C 7C 2C QD
172,north,QS 8S 5S AH 8H 6H 4H AC 7C TD 6D 5D 4D
173,north,5S 3S JH TH 9H 8H QC TC 4C 9D 7D 6D 4D
174,north,AS QS 9S 5S KH 3H KC JC 9C 8C 6C 2C AD
175,north,LS 9S TH 8H 8C 5C 4C 3C JD 9D 6D 5D 3D
176,north,BS DS 3S 7H QC JC 9C 4C 2C AD KD TD 9D
177,north,KS 9S KH 9H 7H 6H 5H 3H JC 8C QD 8D 6D
178,north,QS JS 3S KH QH 8H 3H QC 9D 8D 7D 5D 4D
179,north,DS AS QH 9H 5H 4H AC QC 7C 5C 4C 2C AD
180,north,QS QH TH 4H 3H KC QC 8C 2C AD 6D 5D 3D
181,north,BS JS TS 8S 5S AH KH 9H 7H 8C 7C JD 9D
182,north,6S AH 7H 4H AC QC TC 8C 3C 7D 6D 4D 3D
183,north,AS 5S KH QH 9H 8H 3H QC JC 4C 3C 5D 4D
184,north,DS QS 8S 7S 4S KH 8H 7H 6H QC TD 7D 4D
185,north,6S 5S TH 9H 7H 5H 4H KC 9C 8C 5C 2C 7D
186,north,BS LS DS KS QS 9S AH KH 8H 6H KD QD 9D
187,north,LS KS QS 9S 3S 9H 6H AC QC TC 8C 6C 6D
188,north,KS QS 9S QH 9H QC JC 7C 6C 4C 9D 7D 5D
189,north,AS QS 8S AH 9H 6H 5H 4H KC JC QD 9D 6D
190,north,KS 6S 4S 4H 8C 6C 5C 4C TD 9D 8D 6D 5D
191,north,KS JS 8S 6S 5S 4S 3S KH TH 9H 3H 5C 8D
192,north,LS QS JS 8S 7S 9H 5H QC 7C 6C KD JD 9D
193,north,TS 8S 7S AH JH TH 8H QC JC 9C 6C 2C 8D
194,north,AS QS 7S 6S QH 9H 3H QC 7C 5C 3C AD 3D
195,north,BS AS TS 8S 6S JH 9H 8H 4H KC 2C 9D 6D
196,north,JS 6S 4S AH JH 9H KC 9C 3C JD TD 8D 6D
197,north,KS 5S 3S JH 5H AC TC 9C 3C AD QD 5D 4D
198,north,LS 3S QH 7H 3H AC JC 9C 8C 7C 5C KD 4D
199,north,BS 9S 8H 5H 4H AC JC TC 5C QD 7D 6D 5D
200,north,BS LS 9S 6S 4S QH JH TC 8C 5C KD JD 4D
201,north,KS TS 9S KH QH JH 5H TC 9C 7C 4C 2C 7D
202,north,DS AS JS 5S KH TH 8H 7H JC 9C QD TD 5D
203,north,LS QS 9S 7S 5S 3S 9H KC TC 9C 4C 3C JD
204,north,BS JS 9H 6H AC 5C 4C AD KD QD JD 9D 4D
205,north,AS 3S KH 8H 3H AC JC 9C 3C 2C KD 8D 6D
206,north,AS 9S 8S 8H JC 9C 6C 5C 2C AD QD 6D 5D
207,north,LS TS 7S 3S JH TH 6H 3H JC KD QD TD 6D
208,north,AS 9S 8S 7S 3S 7H 3H KC QC JC 9C 7C QD
209,north,LS QS TS 6S JH 9H 3H TC 7C 4C 2C 8D 4D
210,north,AS KS 9S 8S 6S AH TH QC TC 7C JD TD 9D
211,north,LS 9S 8S 7S JH 6H 4H 3H KC 8C TD 5D 4D
212,north,AS JS 7S 5S KH 6H 4H JC 9C 7C 2C 7D 3D
213,north,KS 9S 4S QH 9H 7H 9C 7C AD JD 9D 5D 3D
214,north,LS KS 9S 3S 9H QC 8C 7C 4C 3C 2C QD TD
215,north,BS KS QS 7S 5S 4S KH 5H 4C AD 9D 8D 3D
216,north,AS QS 9S JH 7H 6H AC 9C AD KD TD 7D 5D
217,north,DS QS 7S 7H 6H AC 9C 6C 2C AD KD 7D 3D
218,north,DS KS 8S 5S QH 6H 5H 3H QC 9C 6C KD 4D
219,north,AS JS TS 3S 9H 8H 3H TC 4C QD JD 8D 4D
220,north,QS KH QH 9H 5H KC TC 5C AD KD TD 9D 5D
221,north,BS DS AS 5S 4S 6H 5H 5C JD 8D 7D 4D 3D
222,north,BS AS KS JS TS 5S AH JH TH 9H 5H JC 8C
223,north,BS LS TH 9H 7H KC JC TC 7C QD 9D 8D 7D
224,north,8S 7S TH 8H 7H 3H AC 9C 7C 4C QD JD 7D
225,north,LS 9S 6S AH TH KC 7C 6C 3C 2C JD 9D 4D
226,north,BS QS TS 8S 8H 9C 7C AD 9D 7D 6D 4D 3D
227,north,DS AS AH KH TH 8H 6H 4H AC QC JC 4C 8D
228,north,8S 6S 3S AH JH 6H 4H JC TC 6C 2C 7D 4D
229,north,AS KS KH 9H 5H 4H KC QC KD JD TD 8D 5D
230,north,DS AS QS 6S KH JH 8C 3C 8D 7D 6D 5D 4D
231,north,KS TS 8S 4S QH 8H QC 8C 7C QD 8D 6D 4D
232,north,AS 7S 5S 4S 3S AC JC 9C 5C KD QD 6D 4D
233,north,8S 6S 7H 6H AC KC TC 2C AD QD JD 7D 4D
234,north,QS 8S 5S JH TH 8H 4H JC TC 9C 9D 6D 4D
235,north,DS QS JS KH TH 9H QC 8C 6C 4C QD JD 3D
236,north,LS DS JS 6S 5S QC JC 4C 2C AD TD 7D 5D
237,north,DS 7S 3S QH TH 7H 3H KC JC 8C 3C KD 7D
238,north,KS TS 6S 5S JH TH 6H 3H 9C JD 9D 7D 6D
239,north,LS QS JS 9S AH 9H 6H 3H 5C 4C 2C 8D 4D
240,north,DS AS JS TS 8S 4S 7H 5H AC TC 9C 3C QD
241,north,AS TS 9S 6S 7H 6H 4H 3H 8C 4C 2C TD 4D
242,north,BS 9S 4S 3S TH 9H 6H 3H JC 2C KD TD 4D
243,north,DS QS 9S 8S 7S 3S KH 7H 8C 4C JD 9D 7D
244,north,DS QS 4S AH 9H 8H 7H 5H TC KD TD 8D 4D
245,north,BS TS 5S 4S KH JH TH 9H QC 8C 5C 7D 4D
246,north,DS JS 6S 4S 3S KH AC 4C 2C AD KD TD 8D
247,north,DS TS 5S QH 6H 5H KC 2C KD JD 5D 4D 3D
248,north,BS JS 6S QH TH 9H 4H 3H AC 9C 2C JD TD
249,north,DS AS KS TS 3S QC JC 9C 8C TD 9D 7D 6D
250,north,DS QS AH QH TH 9C 6C 4C 2C KD 7D 6D 3D
251,north,9H 8H 4H KC 8C 7C 6C 5C QD TD 9D 8D 3D
252,north,QS 9S 4S 5H KC 9C 8C 6C 5C AD 8D 4D 3D
253,north,8S 4S KH 8H 7H 6H 4H TC 7C 5C 4C AD 3D
254,north,KS TS 8S 5S TH 8H 6H 4C 3C 2C TD 9D 8D
255,north,BS QS 9S 4S 3S KH JH 7H 4H QC 5C 9D 3D
256,north,DS 9S 5S KH 6H KC QC 8C 4C AD KD QD JD
257,north,DS JS 5S 4S JH 8H 4H QC JC 5C 9D 7D 3D
258,north,LS QS JS 8S 6S 5S 9H 8H 5H QC JC 5C 8D
259,north,KS 7S 5S 3S KH 3H AC 6C 4C 3C 2C KD JD
260,north,BS AS QS 8H 5H KC QC 8C 5C 3C KD JD 5D
261,north,8S 4S 3S AH JH TH 8H 3H QC 9C 8C 7C KD
262,north,BS KS AH TH 4H QC TC 2C KD 9D 8D 5D 3D
263,north,LS KS JS 4S AH QH 7H 6H 9C 7C 5C AD 6D
264,north,BS JS TS 6S KH 8H 4H KC QC 5C 4C AD 3D
265,north,KS JS AH 9H 7H AC QC 4C 3C 2C AD KD JD
266,north,BS DS 5S TH 9H 6H QC 8C 2C JD TD 8D 3D
267,north,QS 8S AH 8H 4H 7C 6C 2C JD 9D 8D 7D 6D
268,north,BS LS KS JS TS 8S 7S 6S AH TH 9H 7C QD
269,north,AS QS 5S 4S 6H JC 8C 7C 2C KD 9D 8D 3D
270,north,BS AS 5S QH 9H 5H TC TD 9D 8D 6D 5D 4D
271,north,LS 8S 7S 5S 9H 7H AC 9C 8C KD QD 8D 7D
272,north,DS 9S 4S JH 5H AC JC 7C 6C 3C AD KD 5D
273,north,9S 6S 5S KH 5H KC TC 2C KD QD JD TD 7D
274,north,TS 7S 4S JH KC QC 9C 8C 5C 4C 2C QD JD
275,north,QS TS 9S AH JH 9H 8H 6H 3C 2C AD QD 9D
276,north,BS LS AS KS AH 8H 4H QC 3C 2C AD 8D 5D
277,north,LS KS 6S 5S JH 9H QC JC 5C 3C 8D 7D 6D
278,north,BS AS 9S 8S 7S QH JH TH 6H 4H 9C KD 3D
279,north,LS KS TS 6S 5S 4H 3H AC QC 9C 7C 4C TD
280,north,LS QS 3S QH TH 8H 7H QC 9C 7C JD 5D 3D
281,north,6S AH TH 9H 7H 6H 5H 4H AC 9C 3C 5D 4D
282,north,LS QS JS 9S 5S 3S KH TC 8C 3C AD 5D 3D
283,north,DS AS JS 7S 5S 9H 7H KC 8C 7C 2C QD 5D
284,north,DS 9S 5S 4S 3S AH TH 5H QC AD 8D 6D 3D
285,north,6S 3S QH JH TH 6H TC 5C 4C 3C 2C TD 8D
286,north,LS DS JS TS 9S 3S TH 9H JC 9C 5C 8D 5D
287,north,LS KS QS 4S TH AC JC 4C 2C KD 5D 4D 3D
288,north,QS TS 7S 4S 3S KH 5H AC JC 3C AD TD 8D
289,north,AS JS 8S 6S 5S QH 9H QC 7C 4C 2C TD 3D
290,north,BS AS KS QS JS TH 9H 6H 4H AC QC 7C 4C
291,north,BS QH JH TH 8H 7H 5H JC 6C 4C 2C QD JD
292,north,LS AS QS 6S AH 6H JC 7C 5C 4C AD QD JD
293,north,DS KS QS JS TS 8S 7H 6C KD 9D 7D 6D 4D
294,north,TS 8S 6S 4S QC JC 8C 2C QD JD TD 8D 3D
295,north,BS 4S 3S QH TH 9H KC TC 6C QD 5D 4D 3D
296,north,KS 7S 5S AH TH 6H QC 7C 5C 2C 8D 7D 5D
297,north,BS LS AS KS AH JH 6C 4C 2C 8D 7D 6D 4D
298,north,DS QS 8S 7S 3S 4H AC QC 8C 6C KD 9D 3D
299,north,BS KS JS 8S 7S 3S 9H AC JC TC 8D 7D 5D
300,north,QS JS 9S 8S 6S QH TH QC 9C 6C 9D 6D 3D
301,north,AS KS 7S 5H 4H KC 8C 7C 5C 2C TD 8D 3D
302,north,LS KS 8S 6S 3S QH 7H TC 6C KD 9D 8D 3D
303,north,QS 9S 8S 6S 3S KH 6H KC 5C 2C KD 9D 3D
304,north,LS AH QH JH KC 7C 6C 4C 3C KD TD 8D 7D
305,north,DS 9S 5S 3S QH 8H 6H AC QC 4C TD 7D 5D
306,north,BS LS 9H 5H KC QC 9C 8C 7C 5C 4C 6D 5D
307,north,AS 6S QH JH 9H 8H QC 5C 3C KD 8D 5D 3D
308,north,AS 5S 3S 8H 7H 6H 4H KC 7C 4C 2C KD 4D
309,north,LS DS KS JS TS 7S 5S AC QC TC 7C 3C 6D
310,north,BS JS TS 8S 5S 6H AC KC 5C KD JD 6D 4D
311,north,8S 5S KH AC JC 6C 4C 3C 9D 8D 6D 5D 4D
312,north,BS 8S 7S AH QH JH 9H 8H AC JC 9C AD 7D
313,north,QS TS 9S 7S QH AC QC 6C 2C AD KD 9D 8D
314,north,LS DS AS 6S TH 9H AC JC 7C 4C 2C JD 6D
315,north,LS DS 9S 8S 3S TH 6H 5H 9C 8C 6C JD 3D
316,north,AS QS TS 8S 6S 7H 3H KC 3C AD KD TD 9D
317,north,KS 9S 7S 5S JH TH 4H AC 6C TD 6D 5D 4D
318,north,DS AS KS 9S KH JH 5H JC 6C 5C JD 8D 7D
319,north,BS AS JS 8S 6S QH JH KC JC 6C AD KD 3D
320,north,BS 9S 8S 3S KH 9H 7H 3H JC 7C 5C JD 7D
321,north,AS 9S 7S 4S 3S AH KH QH JC 5C 8D 6D 3D
322,north,KS JS TS 4S KH 6H KC QC 8C KD QD 5D 3D
323,north,DS JS KH 7H 4H 7C 5C 3C AD 8D 7D 5D 4D
324,north,DS AS KS 5S 4S AH 9H 8H 5H JC 7C 6C 6D
325,north,LS AS KS QS TS 9S 7S QH TH 6H 6C QD 9D
326,north,AS 8S 3S JH 9H 7H 6H 4H TC 5C JD 7D 4D
327,north,BS JS 7S 5S 4S 3S AH 5H TC 9D 8D 6D 4D
328,north,DS JS 4S 3S AH JH 9H 3H AC JC 6C 5C 2C
329,north,BS LS 9S KH TH 6H 5H KC QC 8C 6C 3C AD
330,north,LS DS AS 8S KH QH 6H TC 6C 3C AD TD 6D
331,north,JS TS 9S 7S JH 3H KC QC JC 9C KD TD 3D
332,north,BS QS JS 9S 4S 3S AC QC JC 2C TD 5D 3D
333,north,LS 9S 8S 6S 5S 3S QH 4H AC KC 6C 7D 5D
334,north,KS 3S TH 8H 3H KC QC JC 9C 6C 5C AD 9D
335,north,AS 9S 3S AH KH AC QC JC 7C JD 5D 4D 3D
336,north,BS LS AS JS 6S 3S JH 6H KC 9C 6C 4C QD
337,north,BS 5S AH 8H 7H 6H 8C 5C 2C 9D 8D 5D 3D
338,north,BS 6S 4S 4H 3H TC 9C 8C 6C KD JD 5D 3D
339,north,DS KS 4S AH KH 3H QC 8C 7C 4C 8D 7D 4D
340,north,DS KS KH QH JH 6H AC QC 7C 2C KD QD 7D
341,north,BS LS DS 9S 7S 6S KH AC TC 6C QD TD 4D
342,north,BS AS TS 5S TH 6H 5H 4H AC TC 3C 2C TD
343,north,JS 9S 6S AH KH JH 7H 3H 7C 5C 8D 4D 3D
344,north,DS AS 5S 4S 7H JC 7C 5C 4C JD 8D 5D 4D
345,north,DS 4S 3S 9H 7H 6H 3H KC 5C 3C AD 6D 4D
346,north,KS 8S 7S 5S QH JH 7H 3H QC 8C 7C 2C 3D
347,north,BS AS KS 6S KH TH 5H 3H AC QC 6C 5C JD
348,north,BS AS KS 6S 4S AH JH 9H AC TC 9C QD 3D
349,north,AS QS 6S 3S AH JH 7H 4H QC JC 2C JD 5D
350,north,KS 9S 4S QH JH 8H 4H 3H 6C KD 8D 7D 6D
351,north,BS LS DS AS 9S 7S 6H 5H KC TC 3C 9D 4D
352,north,LS 8S 7S 5S 4S 8H 6H 4H 9C 5C 4C KD TD
353,north,LS AS TS 4S AH 6H 4H KC 8C 4C QD 9D 4D
354,north,BS LS TS 4S QH JH TH 8H 4H TC KD JD 6D
355,north,BS LS 6S TH 6H 4H 9C 7C 6C KD 9D 8D 5D
356,north,DS AS JS 3S 7H 6H QC 6C 2C AD KD 9D 4D
357,north,AS 8S 5S AH JH 8H JC 7C 3C AD TD 7D 3D
358,north,DS TS 5S 3S KC JC 9C 8C 2C AD 8D 5D 4D
359,north,LS AS JS 9S 7S 5S 3S QH 9H 5H KC QC 8D
360,north,QS JS 9S 7S 5S 9C 8C 6C 4C AD 9D 6D 3D
361,north,KS 7S 5S QH 6H 5H 4H JC TC 9C TD 8D 3D
362,north,KS QS 6S 4S KC JC 8C 7C 6C AD 9D 7D 5D
363,north,KS 9S 6S 4S 3S TH 9H 3H QC 8C 4C 2C 9D
364,north,AS TS 4S AH 8H 5H KC TC 8C 7C 3C 2C QD
365,north,AS TS 4S JH 9H 8H 5H AC QC JC 3C QD 6D
366,north,QS TS 7S 6S 3S TH 9H 9C 3C AD TD 8D 6D
367,north,DS JS 7S 5S 3S KH JH 3H QC 5C KD QD 9D
368,north,TS 6S 3S TH 8H KC QC TC 9C 4C 2C 9D 7D
369,north,AS 7S 5S AH 8H 3H AC 8C 7C 6C 6D 5D 3D
370,north,LS DS 7S AH KH 7H 4H TC 6C KD JD 6D 5D
371,north,DS TS 3S QH JH KC TC 7C 4C 3C AD QD JD
372,north,DS KS TS 9S 3S 9H 8H 5H 4H AC 8D 5D 4D
373,north,LS JS TS 7S 4S JH 3H 9C AD KD QD 9D 6D
374,north,JS 8S 5S 4S QH TH 9H QC 5C 3C 7D 5D 3D
375,north,BS 7S 6S QH JH KC 9C 8C 3C 8D 5D 4D 3D
376,north,LS KS 5S 4S TH 9H JC 8C 5C 3C QD JD TD
377,north,DS AS JS 7S 3S KH 6H 4H KC 9C 8C 6C QD
378,north,AS 8S 7S 6S TH 7H 5H KC QC 8C TD 9D 6D
379,north,QS 6S 4H 3H AC 7C 2C AD JD TD 7D 6D 4D
380,north,BS TS 7S 3S JH TH 4H 8C KD QD 9D 5D 3D
381,north,TS 5S 3S QH 4H KC QC 8C 6C AD QD TD 6D
382,north,BS QS JS TS 4S KH 3H AC TC 9C 8C 4C 8D
383,north,DS JS AH KH 7H 5H 4H KC QC 6C 4C AD TD
384,north,5S 9H 7H 6H 4H AC JC 6C 2C KD TD 8D 5D
385,north,9S 8S 7S 5S AH AC KC QC JC QD JD 7D 3D
386,north,LS JS 4S KH 5H QC TC 8C 3C 2C 8D 4D 3D
387,north,AS KS QS TS 4S AH 8H 5H KC JC QD 9D 4D
388,north,LS DS JS 9S 4S 3S KH 6H 5C 2C AD 9D 7D
389,north,BS AS QS JS TS 8S 6S 4S TH 5H 4H TC 8D
390,north,LS AS 4S 3S KH 9H 6H QC JC 8C KD 8D 7D
391,north,KS 6S 3S KH 8H 7H 8C 5C 3C AD QD JD TD
392,north,BS DS 5S JH 8H QC TC 9C 7C 3C 2C KD QD
393,north,8S 5S KH 8H 7H KC TC 9C 8C 4C 3C QD 3D
394,north,BS JS 9S 5S 7H 4H QC 8C QD JD 9D 7D 4D
395,north,LS 3S KH TH 9H 6H 5H QC TC 6C 4C 3C AD
396,north,BS KS KH 9H 7H 5H 9C 6C 3C KD TD 5D 3D
397,north,DS QS TS AH 6H 3H AC KC 7C 5C 7D 5D 3D
398,north,9S 6S 8H 7H TC 6C 5C 2C AD KD 8D 7D 3D
399,north,BS DS TS 8S 4S 3S 8H 6H QC JC 8C QD 9D
400,north,AS 9S 5S 4S KH JH 5H TC 9C 6C 5C 3C 2C
401,north,BS AS 9S 3S KH JH 5H 3H 7C 2C AD 9D 3D
402,north,DS TS 7S AH KH JH 9H TC 9C 7C JD 5D 4D
403,north,DS KS JS 6H 5H KC JC 9C 3C KD 9D 7D 4D
404,north,AS KS JS 8S 6S KH TH 7H AC 5C AD QD 5D
405,north,AS KS 3S AH 4H KC QC JC 5C KD TD 8D 6D
406,north,AS 6S QH 8H 4H 3H JC TC 6C 9D 8D 5D 3D
407,north,DS KS 9S 8S 6S 4S QH 9H 4H TC 9C 7C 5D
408,north,BS KS 3S QH 7H 6H 5H 7C 4C 2C KD 5D 3D
409,north,BS DS KS 8S QH JH 9H 8H 4H JC TC 3C 4D
410,north,BS DS JS TS 8S 3S QH JH 4H KC 7C 6C 9D
411,north,BS AS 9S 7S 5S 4S AH KH 5H 6C 3C TD 7D
412,north,BS AH TH 9H 5H 4H AC KC JC 6C 5C KD TD
413,north,TS 8S 7S 3S 7H 6H 5H 3H KC 8C KD 7D 3D
414,north,KS TS 6S 5S 5H TC 9C 5C 4C AD TD 6D 3D
415,north,LS AS 7S 8H 5H 3H AC JC 9C 8C JD 6D 5D
416,north,7S 6S 4S AH KH TH 7H JC 7C 5C 3C AD 7D
417,north,BS 3S 8H 7H TC 9C 8C 6C 5C 2C AD 9D 3D
418,north,BS LS JS 6S 4S 9H 3H TC 2C AD KD 8D 3D
419,north,BS JS 9S AH 9H 7H AC QC JC 7C 5C KD 6D
420,north,LS 5S 4S QH 5H 4H 3H 9C 7C 3C 8D 4D 3D
421,north,DS KS 9H 8H 3H QC TC 7C 2C QD TD 5D 4D
422,north,DS AS QS 8S 9H 4H 3H KC TC 7C 4C KD QD
423,north,LS JS 7S 3S AH KH JH 9H 4H 3H KC 9D 7D
424,north,9S 8S 4S KH 9H 5H JC AD QD TD 9D 8D 5D
425,north,DS TS 8S KH TH 3H QC 9C 6C JD 8D 6D 5D
426,north,BS AS QS 9S 4S QH TH 7H 6H 6C TD 9D 5D
427,north,JS 5S 4S TH 9H 6H TC 9C 7C 5C AD JD TD
428,north,LS QS JS 6S 3S 5H KC 8C 2C AD 9D 6D 5D
429,north,6S 4S 3S AH JH 5H 4H AC 6C KD QD TD 8D
430,north,LS 9S 5S 3S 8H 7H AC JC 4C 3C 9D 8D 3D
431,north,BS LS TS KH TH 9H 8H 3H JC 8C AD QD 6D
432,north,9S 8H 6H 5H AC JC 8C 5C 4C 9D 7D 5D 3D
433,north,LS QS 8S 6S 4S AH JH 3H KC 7C 3C AD JD
434,north,DS KS TS 5S 4S AH KH TH 6H 5H TC KD 7D
435,north,BS LS QS JS 9S 5S 4S AH 6H 6C 3C KD 3D
436,north,AS TS 9S 6S 4S QH JH 7H 4H QC TC 4C 7D
437,north,KS QS 8S 5S 4S TH 8H 5H QC TC 5C KD 9D
438,north,AS QS QH JH 9H 8H 7H KC AD KD TD 9D 3D
439,north,AS QS TS TH 5H 3H 9C 6C AD JD 8D 6D 3D
440,north,BS QS 3S 9H KC 8C 2C KD TD 7D 6D 4D 3D
441,north,TS 9S 5S 3S KH QH 8H 7H AC KC 2C KD 8D
442,north,9S 8S QH JH 7H 6H 4H JC 9C 6C QD TD 5D
443,north,BS AS QS 7S 6S KH 6H 4H AC QC AD KD 7D
444,north,7S KH 7H JC 4C 3C 2C QD TD 7D 6D 5D 4D
445,north,AS JS 8S 7S TH 9C 5C 4C AD KD JD 5D 3D
446,north,BS KS 7S KH JH 5H AC 7C 6C 5C TD 8D 7D
447,north,AS JS 8S 4S 3S QH 9H 4H QC 8C 4C TD 8D
448,north,AS QS 6S 5S 4S QH 9H TC 9C 7C 4C AD 4D
449,north,BS 9S 3S AH QH TH 7H 6H 3H KC AD 4D 3D
450,north,BS AS KS TS 8S TH JC 9C JD TD 9D 6D 3D
451,north,LS 3S 9H 8H 3H QC 8C 4C TD 9D 7D 6D 3D
452,north,DS AS QS 9S 6S 8H 6H 5H 4H QC TC 4C 3D
453,north,BS LS AS KS 6S 4H AC TC 8C 7C 4C JD 7D
454,north,7S AH KH QH 7H 4H 8C 6C KD TD 9D 6D 4D
455,north,BS AS TS 9S 6S 3S AH TH 8H KC QC TC AD
456,north,LS DS KS 9S 8S 6S 3S QH 7H 7C 5C AD 8D
457,north,JS AH KH TH 8H QC JC 7C 6C 2C JD 6D 3D
458,north,8S 6S 5S TH 8C 7C 6C 3C 2C AD QD 7D 4D
459,north,LS KS TS 4S 9H 3H QC TC 5C AD JD 4D 3D
460,north,BS LS 8S KH QH JH 6H 5H TC 9C 7C 7D 5D
461,north,BS LS 9S 7S 3S 7H 4H AC TC 4C 2C 9D 7D
462,north,DS KS JS 9S 7S AH QH 6H AC JC TC 5C TD
463,north,DS 7S 6S 5S 4S 3S 4H QC 7C 6C 2C AD 4D
464,north,JS 8S 5S 4S AH TH 8H KC 9C 7C JD 6D 3D
465,north,LS KS JS 8S AH QH JH TH 6H AC JC 9C 3C
466,north,BS DS KS QH QC TC 6C 4C 3C AD JD 8D 6D
467,north,QS JS TS 9S 5S QH TH 6H 7C 6C TD 6D 3D
468,north,BS AS TS 9S 8S 6S 8H 5H 4C 3C JD 8D 7D
469,north,BS LS QS 7S 9H 8H 4H TC 5C JD 8D 7D 4D
470,north,BS AS TS 9S 8S KH 8H 7H 5C AD KD QD 7D
471,north,LS JS 4S 3S KH 7H 6H JC 5C 4C 2C JD TD
472,north,KS QS JS 9S 8S 7S 7H 5H 4H KC 7C 6D 5D
473,north,BS AS KS 3S KH QH KC TC 3C 9D 7D 6D 3D
474,north,QS 7S 4S QH 9H 6H 3H AC KC TC 9C 2C 8D
475,north,LS TS 5S AH 6H KC QC TC 4C 2C AD JD 8D
476,north,QS 7S 6S 4S QH 9H 7H 4H KC TC KD JD 8D
477,north,DS TS KH 3H KC 8C 7C 6C 4C AD JD TD 7D
478,north,TS 9S 8S 7S 6S 4S 8H 7H 4C 2C AD TD 6D
479,north,AS JS TS 8S 3S 8H 7H QC TC 8C 7C 4C 8D
480,north,3S AH KH QH JH TH 8H KC 6C 2C KD QD 5D
481,north,QS TS 9S 7S 4S TH 8H 5H 2C AD QD JD 4D
482,north,LS AS KS QS 9H 7H 5H 4H JC 6C 5C 7D 4D
483,north,KS JS 9S 7S KH 9H 7H 4H KC 7C AD JD 4D
484,north,BS TS 6S 3S QH 4H KC JC 9C 5C AD 5D 3D
485,north,8S QH 4H 3H AC JC TC 8C 5C 4C 9D 7D 6D
486,north,LS 9S 6S 3S AH TH 3H QC 9C 6C 5C 4C JD
487,north,DS QS JS TS 6S 3S 5H 4H JC KD TD 8D 7D
488,north,BS QS 4S TH 7H 6H 3H AC QC 7C 3C 2C 9D
489,north,KS QS 4S JH 9H 4H QC 9C 5C 3C QD 9D 4D
490,north,AS TS TH 9H 8H 4H QC TC 9C 4C 2C AD KD
491,north,AS QS 6S AH 9H AC TC 5C AD QD 9D 6D 3D
492,north,6S 4S AH KH 9H 7H 4H 7C 6C KD 8D 7D 6D
493,north,TS 4S KH QH JH 7H 5H 3H AC QC JC AD 7D
494,north,DS QS JS TS 7S 6S 3S JH 9H 8H KC 7C 5D
495,north,DS KS 9S 4S 3S TH 9H 5H TC 3C AD KD QD
496,north,LS KS QS JS 8S 3H KC 5C 3C TD 9D 8D 3D
497,north,AS TS 9S AH TH 9H 7H JC 2C TD 8D 4D 3D
498,north,AS 8S 6S AH TH 3H AC 8C 3C TD 9D 6D 4D
499,north,BS DS AS KS QS 8S TH 8H 7H 5H KC 5C 3D
500,north,BS TS 9S 6S 7H 3H AC 8C 6C 3C 2C KD 3D
501,north,BS AS KS 6S 4S 3H QC 6C 3C 2C 9D 4D 3D
502,north,DS QS TS 5S KH 9H 8H 6H TC 5C 8D 6D 5D
503,north,QS 3S TH 7H 6H 4H KC JC 9C 7C AD QD 3D
504,north,DS 7S 4S JH 8H 5H 4H 9C 2C KD 9D 8D 6D
505,north,KH QH 7H 6H AC KC JC 9C 3C AD KD QD 9D
506,north,JS JH 7H JC 7C 5C 2C AD KD 8D 7D 6D 5D
507,north,LS JS 7S 5S 4S TH 8H 7H 3H TC 4C 2C QD
508,north,TS AH QH TH 9H 7H 6H 7C AD KD 8D 7D 6D
509,north,AS KS TS 6S KH JH 9H 3H 7C 2C JD 6D 3D
510,north,9S 7S 5S 4S 3S AH 5H AC KC 5C 4C 2C 6D
511,north,BS AS KS 6H 5H AC JC TC 9C 3C AD 9D 8D
512,north,LS TS 6S QH TH 3H AC KC 9C 3C 2C TD 3D
513,north,KS TS 8S 6S 3S 9H 8H 5H 9C 5C 4C AD TD
514,north,QS TS 4S 3S QH JH TH 5H 7C 6C 4C JD 7D
515,north,QS 8S 6S 5S AH 9H 7H 6C 5C AD QD 7D 6D
516,north,QS TS AH JH 9H JC 5C 4C QD JD TD 7D 3D
517,north,DS KS JS 9S 6S AH QH TH 7H JC 5C QD 7D
518,north,JS 4S KH QH 8H 6H 5H KC 6C AD TD 8D 7D
519,north,KS 9S 8S 6S AH 9H 5H 4H KC 2C AD QD TD
520,north,QS TS 7S 4S QH JH TH 4H KC QC 6C QD 8D
521,north,AS QS AH TH 9H 7H 5H QC 4C 2C 9D 7D 4D
522,north,QS TS 5S 3S KH QH 8H 7H QD JD TD 9D 3D
523,north,LS QS TS 8S TH 7H 5H 9C 2C KD QD 7D 5D
524,north,DS 9S 8S QH TH 4H 3H AC QC AD 9D 7D 6D
525,north,AS TH 6H 4H QC 7C 4C 2C JD 7D 6D 5D 4D
526,north,BS AS 5S KH TH 9H 4H QC 8C 5C 5D 4D 3D
527,north,BS DS KS 6S JH TH QC 8C 7C 4C 9D 8D 4D
528,north,JS 8S 7S AH QH TH 6H 8C 6C 4C 2C 7D 4D
529,north,KS 5S TH 9H TC 8C 7C 4C TD 7D 6D 5D 3D
530,north,AS KS KH QH 9H 6H 4H QC 8C 3C 2C 9D 4D
531,north,LS 8S AH KH TH 7H 6H 2C TD 8D 7D 4D 3D
532,north,4S 7H 6H 3H QC 8C 5C 2C AD JD TD 4D 3D
533,north,7S 6S JH 6H 4H 3H KC 5C 3C TD 9D 7D 4D
534,north,BS JS TS 7S JH 7H 5H 3H QC 8C QD 8D 4D
535,north,BS TH 9H 8H 6H 4H AC QC JC 5C 3C AD 6D
536,north,BS KS TS 8S 6S AH QH 7H 6H 4H AD KD TD
537,north,KS TS 7S 6S QH 9H 4H AC 8C 7C 6C 3C AD
538,north,BS QS 6S 4S 9H 8H 7C 5C 3C KD QD 7D 4D
539,north,3S AH TH 9H 8H 6H KC TC 9C 8C 5C TD 6D
540,north,BS LS KS JS TS 6S TH JC 9C 8C 8D 5D 3D
541,north,KS TS 9S 6S AH KH JH QC 6C KD 6D 5D 4D
542,north,DS JS 7S 5S 3S AH 8H 4H 3H JC 2C TD 3D
543,north,TS 8S 4S AH TH 4H 3C QD 8D 7D 5D 4D 3D
544,north,AS QS 9S 5S KH 8H 7H 4H 3H JD 9D 6D 5D
545,north,DS AS QS 6S TH 9H 8H 2C TD 8D 7D 6D 5D
546,north,BS QS AH 7H AC KC QC TC 6C 3C JD TD 6D
547,north,LS DS QS 9S 8S 5S KH 9H 7H 6H 5H JC TD
548,north,LS DS TS 6S 5S KH 7H 3H JC AD 9D 6D 4D
549,north,DS TS 9S 7S AH JH 8H 6H 7C 4C 2C 5D 3D
550,north,LS AS QS 6S 5S KH JH TH JC KD 9D 8D 4D
551,north,DS 9S 4S JH 6H 5H TC 7C 2C KD TD 7D 3D
552,north,TS 9S 8S 6S JH 6H KC 7C 3C 2C TD 8D 5D
553,north,BS DS KS JS 8S 5S KH 4H TC 6C QD 8D 3D
554,north,QS JS 7S 4S AH QH 8H KC JC 8C 5C 5D 3D
555,north,9S 8S 7S 6S 9H 6H 4H KC 9C 5C 2C TD 4D
556,north,AS 5S 4S 3S 6H 4H 3H AC JC TD 5D 4D 3D
557,north,BS 9S 8S 3S KH 9H 8H 4H KC QC 5C 3C 2C
558,north,AS TS 9S 5S 3S KH TH 4H QC 7C 2C 6D 4D
559,north,DS KS TS 6S 8H 7H 6H 4H QC 3C QD JD 5D
560,north,LS KS JS 9S 6S AH QH AC 4C 2C 7D 6D 3D
561,north,LS AS QS JS TS 4S 5H JC 7C 6C 2C JD TD
562,north,JS TS 9S 4S TH 7H AC KC 9C TD 8D 5D 3D
563,north,BS AS KS 3S JH 8H 5H 4H QC TC AD KD 5D
564,north,TS 9S 5S 8H 6H JC 9C 6C QD JD 9D 8D 5D
565,north,BS LS KS 9S KH 8H 6H 3H QC 8C 3C JD TD
566,north,DS KS QH JH 5H 3H KC 8C 6C JD TD 5D 4D
567,north,9S QH 8H 7H 3H 9C 3C AD QD JD 9D 4D 3D
568,north,BS JS TS 8S 7S 6S AH KH JH 6H 2C 5D 4D
569,north,QS JS 6S KH 9H 7H 9C 8C 5C 4C 2C 8D 3D
570,north,BS TS 6S 4S 3S JH 5H AC JC 6C 2C TD 4D
571,north,4S KH 3H KC JC TC 9C 5C 4C 2C QD TD 9D
572,north,BS DS KS 5S 4S QH 4H KC QC 9C QD 5D 4D
573,north,DS JS 9S 6S TH 4H JC TC 2C QD JD 5D 4D
574,north,BS QS 7S JH 7H 4H QC TC 3C 2C QD 6D 5D
575,north,BS JS 7S 5S KH QH QC 6C 5C 3C QD TD 5D
576,north,DS QS 9S AH JH TH 9H 8H 6H QD JD 8D 7D
577,north,AS TS 4S 3S 9H 6H 4H 3H KC JC 9C 4C TD
578,north,9S KH QH 5H QC TC 9C 6C AD KD QD 8D 3D
579,north,BS LS QS TS 8S 7S 3H AC JC 8C 3C TD 7D
580,north,JS TS 6S QH JH TH KC QC 3C AD 8D 6D 3D
581,north,LS AS QS TS 5S 4S QH 4H AD QD JD TD 7D
582,north,LS AS TS 9S 8S 7S AH 6H 3H KC 6C TD 5D
583,north,BS 7S 6S 4S AH 9H 5H 7C 6C 2C JD 6D 5D
584,north,BS DS AS 9S 3S JH 9H AC QC JC 3C AD 7D
585,north,KS 7S AH TH 6H 3H QC JC 5C KD QD TD 6D
586,north,LS 9S 8S 3S JH 3H QC TC 5C 4C AD 7D 3D
587,north,LS AS 7S AH TH 7H QC JC TC QD JD 9D 4D
588,north,BS LS AS 9S 4S TH 5H AC 5C 3C 2C 8D 4D
589,north,BS AS 7S 3S KH JH 6H 8C 5C AD JD 5D 4D
590,north,BS QS JS 8S 6S 9H 6H 3H AC KC 5C 6D 3D
591,north,KS QS TS 9S 3S AH TH 8H AC QC 2C TD 5D
592,north,JS AH KH QH 9H 5H 3H JC 7C 5C AD JD 3D
593,north,AS 9S 7S 4S 3S JH TH 9H 7H 4H TC 7C AD
594,north,QS JS 9S QH 9H AC 9C 4C AD TD 9D 8D 3D
595,north,DS 4S KH TH 8H 7H AC QC 5C 3C KD 6D 4D
596,north,JS 9S 7S 5S 4S AH 6H 5H 8C 6C JD TD 7D
597,north,LS JS 8S 3S QH TH 9H TC 6C 4C JD 9D 5D
598,north,TS 7S 4S AH JH 8H 5H 4H 3H 6C 5C TD 5D
599,north,DS QS 9S 6S 5S KH QH 8H 3H AC 9C 2C 9D
600,north,TS 9S 6S 4S QH JH 3H QC 5C 3C 2C KD 9D
601,north,BS KS 8S 7S 5S 3S 3H QC 9C 2C KD QD 4D
602,north,4S KH QH 8H 7H 4H QC 9C 5C 4C AD QD JD
603,north,BS 7S 4S AH QH TH 9H 7H 3H 9C 8C 9D 6D
604,north,DS QS 6S 5S QH 8H KC 9C 7C 5C 4C 2C 7D
605,north,AS 8S 6S KH QH 8H AC KC 8C AD QD 7D 5D
606,north,TS 8S KH JH 4H QC 8C 6C 5C 4C QD JD 5D
607,north,KS QS TS 3S JH TH 8C 5C 4C 3C QD TD 6D
608,north,LS QS TS 8S 7S 6S 3S 8H 5H 3H 9D 6D 5D
609,north,JS AH JH 8H 4H JC 9C 5C 4C 3C 2C JD 4D
610,north,TS 4S AH KH QH 4H QC 4C QD JD TD 4D 3D
611,north,BS AS TS 5S QH TH QC 9C AD 9D 8D 7D 4D
612,north,BS TS AH QH 5H 5C 2C AD KD JD TD 9D 4D
613,north,LS 9S 8S 5S 8H 6H 4H 3H 8C 7C 4C KD 3D
614,north,LS DS 3S KH QH 4H 3H JC 8C 5C 4C KD 6D
615,north,DS QS JS 5S AH QH JH 9H 9C 8C 4C 9D 8D
616,north,BS 9S 8S QH TH 5H 4H 3H AC TC 7C 6C 2C
617,north,LS JS 7S 5S 4S 8H 6H 5H 7C 2C JD 9D 7D
618,north,BS AS 8S 6S 3S 6H 5H QC 9C 7C QD 9D 4D
619,north,DS KS QS 6S JH 7H 5H TC 6C AD QD 9D 6D
620,north,KS JS 6S 3S AH 8H 5H AC 9C AD KD 9D 4D
621,north,JS 8S 7S 4S KH 8H 5H 4H TC 9C AD JD 3D
622,north,KS QS 9S 8S QH 4H KC 7C 6C 5C 9D 8D 6D
623,north,AS JS QH JH TH 9H 7H 5H JC TC 5C 2C 8D
624,north,9S 4S JH TH 8H KC 9C 6C 3C 2C JD 9D 7D
625,north,DS TS 8S JH 4H JC TC 8C 6C 4C AD KD 7D
626,north,BS AS 9S 8S JH TH 9H KC 9C 3C TD 5D 4D
627,north,KS 3S QH TH AC QC 8C 3C AD JD 7D 5D 3D
628,north,LS DS TS 9S 4S 3S 7H AC TC 6C 3C JD 4D
629,north,LS 3S QH TH 4H QC 6C 5C 4C 3C JD 9D 6D
630,north,5S QH 9H 6H 5H 4H QC 9C 8C 5C JD 6D 3D
631,north,BS QS 7S 8H 6H 4H 9C 7C QD 8D 7D 6D 5D
632,north,LS 6S AH 8H 7H 6H TC 9C 8C 7C QD JD 4D
633,north,LS KH JH 9H 6H KC JC 6C 3C QD JD 6D 5D
634,north,BS LS DS QS JS 6S 5H 4H 6C TD 7D 5D 4D
635,north,LS DS AS KS 6S 5S QH 5H 3H QC 5C KD JD
636,north,7S 3S JH 9H 5H 3H KC JC 9C 8C AD KD 8D
637,north,AS JS 9S 3S TH KC 9C 8C JD TD 9D 8D 5D
638,north,DS KS QS TS 6S AH JH QC 4C TD 7D 5D 4D
639,north,QS JS 5S 4S 3S KH JH 8H 2C KD QD JD 8D
640,north,AS 7S KH JH 8H AC TC 2C AD JD 9D 8D 7D
641,north,BS KS QS JS 8S KH 5H 4H 9C 6C 3C KD 6D
642,north,BS LS 8S 7S TH 7H 6H QC 7C 6C 5C 4C 5D
643,north,KS AH KH QH 9H 8H 7H 6H 4H 8C 5C 9D 6D
644,north,AS 8S 7S 4S AH KH JH 4H AC KC 9C KD QD
645,north,LS DS KS JS 9S 9H KC QC 6C 3C 2C QD 4D
646,north,9S 6S 4S JH TH 9H 4H TC 9C 2C 6D 5D 4D
647,north,JS 8S 6S 5S AH 8H QC JC 8C 4C 2C AD 4D
648,north,LS 6S 3S TH 8C 5C 3C 2C QD 9D 7D 5D 3D
649,north,BS DS AS JS 8S 7S QH 9H AC 7C 6C 8D 3D
650,north,BS QS 7S 6S JH 5H 3H AC QC TC 9D 7D 3D
651,north,LS KS QS 7S 4S KH 9H 8H JC 7C 7D 6D 5D
652,north,LS JS 9S 4S AH JH TH AC 7C KD TD 9D 8D
653,north,BS LS 9S 8S AH 6H QC 2C KD 8D 7D 6D 3D
654,north,KS 8S 3S QH JH 9H AC KC QC 5C KD JD 3D
655,north,LS QS JS 8S KH JH TH 6H 3H KC TC 2C JD
656,north,DS 5S 3S KH TH 4H 3H KC QC 6C JD 8D 5D
657,north,BS QS 9S 5S QH TH 6H 4H QC 6C 5C 4C AD
658,north,JS 6S 4S AH QH 6H 9C 8C 5C 4C 3C 8D 4D
659,north,LS AS KS 9S 7S 6S 5S AH 9H 7H JC TD 8D
660,north,BS DS KS 9S 6S QH 6H 3H AC QC 9C 8C 5D
661,north,LS KS 7S AH 7H AC TC 6C 2C QD 9D 7D 6D
662,north,8S 6S AH KH JH TH 9H KC 4C 2C QD 8D 5D
663,north,KS TS 8S 6S 4S 3S 9H 3H 8C KD 9D 5D 4D
664,north,LS 8S 4S QH 4H KC 6C 3C KD QD JD 8D 3D
665,north,LS DS JS AH JH 8H 7H 4H KC QC 7C 2C 6D
666,north,BS LS KS JS 5S 4S 9H 5H 3H 5C 2C TD 6D
667,north,LS QS 6S QH JH 6H 5H 4H KC 9C 7C AD QD
668,north,DS AS QS 5S 8H 5H 4H AC KC TC 9C 7C 9D
669,north,BS DS QS TS 8S 4S 3S AH QH TH 4H 9C KD
670,north,LS TS 7S 6S AH 5H KC 9C 7C 2C AD 6D 5D
671,north,AS KS 5S 3S 8H 5H 4H AC QC 7C 3C 8D 6D
672,north,LS 7S 6S 9H 8H 6H 3H KC JC 4C 3C AD TD
673,north,AS JS 7S 5S 3S TH 8C 7C 6C 5C 3C AD QD
674,north,LS JS 8S 6S AH QH JH 9H 5H JC TC AD JD
675,north,DS TS 6S KH QH JH 3H KC 7C 3C AD QD 6D
676,north,LS JS 8S 7S 7H 7C 6C 5C 4C 9D 6D 4D 3D
677,north,LS TS 8S 4S QH JH 3H KC TC 6C QD JD 5D
678,north,BS LS JS 5S 3S KH 7H TC 7C 4C 2C JD 7D
679,north,BS LS QS TS 5S 6H JC 7C 5C 4C QD 6D 5D
680,north,DS 4S 3S AH 3H TC 7C 3C JD TD 8D 5D 3D
681,north,AS QS 6S 5S TH 8H 7H 6C 3C AD TD 8D 3D
682,north,KS JS 3S TH 7H 6H AC KC TC 6C 2C AD 3D
683,north,BS KS TS 6S 5S 4S 7H JC 6C 3C KD JD 3D
684,north,BS LS DS JS 7S 4S 9H 8H 7H JC 9C 5C 3C
685,north,DS JS TH 6H 3H KC 7C 4C JD 9D 7D 5D 3D
686,north,AS TS 7S 5S TH QC 5C 2C AD TD 9D 4D 3D
687,north,DS 9S 3S JH 9H 7H AC 7C KD QD JD 7D 6D
688,north,BS LS TS 5S 4S JH 6H 5H JC 2C KD JD 3D
689,north,KS TS 7S 6S 4S 4H 8C 6C 5C AD QD 7D 4D
690,north,LS AS KS QS 9S 7S 9H 4H 3H AC 6C QD TD
691,north,BS KS QS JS TS JH 6H 3H JC 2C QD TD 5D
692,north,AS 7S 4S AH QH 8H AC TC 8C 6C 4C AD KD
693,north,TS 8S 7S 6S 4S QH 7H 6H 4H KC 3C AD QD
694,north,DS AS KS KH 8H 7H JC 7C 5C 4C AD JD 6D
695,north,DS AS 8S 5S TH AC QC JC 9C 7C 5C 2C TD
696,north,BS KS TS 9S 6S 9H KC 6C 3C QD 8D 7D 4D
697,north,TS 9S 8S JH 8H 5H 8C 6C 5C KD QD 9D 4D
698,north,DS QS 6S 4S AH TH 6H QC 7C 6C 5C 9D 6D
699,north,8S 3S 9H 8H 7H 6H 3H 4C 3C KD JD TD 4D
700,north,LS DS 8S 5S 4S 9H 6H 4H 8C QD TD 9D 8D
701,north,AS TS 8S 8H 4H KC QC JC 6C 5C 4C JD 9D
702,north,BS LS JS 9S 7S AH QH JC 8C 5C KD 8D 5D
703,north,KS 8S 7S 3S TH 4H KC QC KD 8D 6D 5D 4D
704,north,LS DS QS 9S 6S 5S 3S 9H 6H QC KD 7D 5D
705,north,BS LS KS 4S KH JH 3H QC TC 4C AD 8D 7D
706,north,KS 8S 7S 4S 9H 8H 7C 5C 3C QD 6D 4D 3D
707,north,LS DS JS TS 9S 5S 4S AH 8H KC TC 9D 6D
708,north,6S 9H 7H 6H KC QC 8C 7C 3C KD TD 9D 6D
709,north,QS TS 9S JH 8H 7H 4H KC QC 7C 3C KD QD
710,north,AS JS 9S JH 6H KC JC TC 5C TD 8D 5D 4D
711,north,DS KS 7S TH 9H 6H 3H KC 7C 5C 3C 9D 6D
712,north,BS LS DS JS AH 8H 4H KC 6C 2C QD JD 4D
713,north,QS TS 9S KH JH 6H QC 8C 6C 3C JD 6D 4D
714,north,AS QS QH 6H 4H KC QC JC 9C 6C KD JD 7D
715,north,LS KS 7S TH AC KC 8C 7C QD JD TD 9D 3D
716,north,7S 6S 4S KH 9H 3H 6C 4C QD TD 8D 5D 3D
717,north,LS KS QS 7S QH TH 7H 5H 3H AC 9C 8C KD
718,north,BS LS AS 7S AH QH JH QC TC 8C 7C 3C AD
719,north,DS 7S 6S QH TH 8H 7H KC JC AD 8D 7D 6D
720,north,BS KS 9S KH 7H 6H 5H AC TC 8C QD JD 7D
721,north,QS JS 8S 5S 3S QH TH KC 9C 6C 3C 2C JD
722,north,KS QS JS TS 9S AH KH QH QC 8C 7C 8D 7D
723,north,LS QH JH 9H 8H 7H 3H KC QC QD TD 6D 5D
724,north,AS KS TS 8S 5S JH TH 8H AC JC TC KD 3D
725,north,8S 6S AH QH 8H 4H 3H KC QD TD 8D 6D 3D
726,north,QS 9S 4S 9H 7H 5H AC QC 4C KD 7D 6D 3D
727,north,QS 5S JH 9H 7H 3H QC TC 4C AD 9D 7D 3D
728,north,LS 7S KH TH 7H 5H 4H KC 8C 6C 4C 2C JD
729,north,TS 8S AH JH 5H 3H 8C 6C 4C KD JD 9D 4D
730,north,AS KS 7S 5S QH AC 6C 5C 3C TD 9D 7D 6D
731,north,BS LS 9S 5S QH 8H 6H KC 9C 4C 2C TD 8D
732,north,JS 9S 6S 5S 4S AH 7H 6H 8C KD JD TD 7D
733,north,JS 6S 3S KH TH 6H 5H JC 4C AD JD TD 3D
734,north,DS TS 9S AH 4H TC 8C 6C 4C 3C AD 9D 3D
735,north,QS 8S 4S KH JH 9H KC 7C 6C 5C 2C TD 5D
736,north,LS DS JS 8S 6S 5S 3S AH QH 6H 4C AD 8D
737,north,JS TS 8S 4S AH 9H 5H AC 9C QD 9D 8D 6D
738,north,LS DS 8S 5S AH 9H 4H AC KC TC 8C JD 7D
739,north,DS JS TS 6S KH 9H 7H 5H JC TC TD 5D 4D
740,north,LS QS 7S 6S 3S JH 4H JC 7C 4C 9D 8D 5D
741,north,BS 9S 7S 6S 4S 8H 6H 4H TC 4C 2C 6D 5D
742,north,TS 7S 6S 3S AH 8H 3H TC 9C 8C 3C JD 3D
743,north,DS TS 5S AH KH 7H 6H QC JC 9C QD TD 4D
744,north,7S 4S 3S QH 6H 4H 3H KC 7C 4C TD 9D 8D
745,north,DS QS AH 9H 8H 4H 3H JC TC 3C QD JD 5D
746,north,QS JS 5S 3S TH 7H AC KC QC JC 3C KD QD
747,north,BS AS KS JS TS 8S 5S 3S 4H JC 8C 7C 8D
748,north,QS 9S 7S 5S 4S 6H 5H QC JC 9C 7C 2C 5D
749,north,DS AS JS 7S 5S QH 5H 3H QC 3C AD 9D 4D
750,north,AS 5S 3S JH 8H 6H 9C 7C AD KD QD 9D 8D
751,north,AS KS 9S 7H 3H 9C AD QD TD 8D 7D 5D 4D
752,north,KS 7S 5S 4S KH TH 9H 8H 7H 5H KC 7C KD
753,north,4S AH QH 8H 3H AC JC 8C 2C AD TD 8D 7D
754,north,LS QS TS 9S 7S 6S 3S TH 5H 3C TD 9D 8D
755,north,KS TS 3S AC QC JC 8C 6C 5C JD 9D 7D 4D
756,north,7S AH KH 8H 6H 3H 6C 2C KD QD TD 5D 4D
757,north,BS 5S KH 9H 7H 5H 4H 8C 4C TD 8D 6D 4D
758,north,KS 7S 5S KH 8H 7H 6H KC QC 9C 2C 7D 5D
759,north,QS 8S 7S AH 7H 4H AC KC 5C 4C 2C QD 7D
760,north,DS 8S 4S JH 8C 3C AD KD JD 9D 7D 6D 3D
761,north,BS DS AS TS 7S JH 5H KC JC 9C KD 8D 3D
762,north,JS 4S AH QH 8H 5H KC JC 8C 6C AD JD 3D
763,north,DS AS JS 6S 4S 3S JH AC KC QC 6C 4C JD
764,north,BS QS AH TH 9H 7H 4H 9C 2C TD 8D 7D 6D
765,north,LS AS 9S 5S 4S 3S AH 9H 5H JC 6C 3C 7D
766,north,DS QS JS 7S 9H 7H 3H QC 8C 5C KD 7D 5D
767,north,9S 7H 4H AC JC 5C 4C AD KD JD 9D 8D 4D
768,north,LS DS QS 8H JC 8C 4C 3C AD JD 8D 6D 4D
769,north,LS TS 5H 4H AC QC 3C 2C KD QD JD TD 6D
770,north,JS 5S QH 8H 7H 4H KC QC 6C 5C QD 8D 5D
771,north,AS QS TS 9S 8S AH QH JH KC TC 8C 5C 9D
772,north,BS JS 6S JH 8H 7H QC 9C 7C 3C AD JD 7D
773,north,BS 4S 3S KH QH 8H AC QC JC TC 9C 4C 3C
774,north,BS LS KS 4S QH TH 9H 3H 9C 7C 6C 7D 3D
775,north,JS 5S AH TH 5H 4H QC JC 9C 2C AD QD 4D
776,north,KS QS JS 9S 6S KH QH 9H 3H 8C 6C 4C 5D
777,north,DS JS 8S AH TH 6H 5H AC QC 9C 5C QD 3D
778,north,LS KS QS 9S 4S QH 4H 9C 7C KD QD TD 3D
779,north,KS TS 9S 8S 6S 5S 9H KC QC JC 6C QD 9D
780,north,AS 8S 6S JH 9H AC JC 7C 3C 2C 9D 8D 3D
781,north,LS DS TS 9S 7S 6S TH QC 9C 4C QD 9D 6D
782,north,AS 6S 4S KH 7H 6H QC JC TC AD QD 9D 4D
783,north,TS 6S 5S QH 8H 3H JC TC 9C AD QD 8D 7D
784,north,LS QS AH JH 7H 6H 4H 6C KD JD 8D 7D 5D
785,north,BS DS AS JS 7S 5S 3S KH JC 6C JD TD 6D
786,north,KS TS 3S QH 7H 4H 3H JC 8C 6C 4C QD 4D
787,north,LS DS QS TS JH 8H 3H AC QC TC KD QD 4D
788,north,DS AS KS JS 6S QH 9H 7H 6H TC 3C 9D 6D
789,north,BS JS 8S KH JH 5H 9C 8C 7C 6C 3C TD 7D
790,north,LS KS QS 8S 6S 3S QH JH 8H 9C 7C 6C 4D
791,north,9S 7S 6S 3S KH 9H 7H 6H KC 8C 7C 3C 9D
792,north,BS DS 8S 4S 3S AH JC TC 9C 4C AD 5D 4D
793,north,LS JS 9S 8S 4S QH TH 7H 6H AC KC QC KD
794,north,AS TS 9S 7S 6S AH KH TC 8C 3C JD 8D 7D
795,north,BS QS TS 5S 4S KH JH 9H 8H JC 8C 9D 7D
796,north,BS AS 5S AH KH TH 9C 6C 5C AD QD JD 5D
797,north,DS AS KS JS 7S TH 4H 3H 3C QD JD 6D 5D
798,north,BS DS AS TS TH 5H AC JC 9C 8C KD 9D 3D
799,north,KS QS 7S AH QH 8H 6H 5H AC TC 7C 5C 8D
800,north,9S 6S 5S 7H 6H 3H KC QC 8C 5C 4C AD 8D
801,north,BS LS DS 9S 6S 5S 3S 4H TC 9C AD 9D 4D
802,north,JS 9S 6S TH 7H 4H 3H JC 9C 2C 8D 6D 3D
803,north,AS 7S 4S 3S AH KH JH 7H 9C 8C KD TD 8D
804,north,LS AS KS JS 5S AH JH 5H 3H QC TC 3C 9D
805,north,DS 8S QH 3H AC KC JC 4C 3C 2C KD QD JD
806,north,AS QS 3S KH QH TH 8H 3H KC TC 5C AD 7D
807,north,8S TH 9H 5H 4H QC JC 8C 6C 5C KD 9D 6D
808,north,BS QS 7S 5H KC JC TC 4C 2C TD 9D 8D 6D
809,north,DS 9S 7S 4H QC 9C 8C 7C 6C 4C 2C 7D 5D
810,north,AS TS 6S 5S AH 4H AC JC 9C 3C 8D 7D 4D
811,north,BS DS KS 3S JH TH JC 7C 6C 5C 2C QD 4D
812,north,BS LS QS 8S 6S 3S TH 9H 6H 3H 2C 9D 6D
813,north,BS 9S 8S AH QH TH 9H 7H QC 8C 7C JD 5D
814,north,DS KS QS 9S 7S 6C 4C 2C QD JD TD 8D 5D
815,north,AS KS JS 8S 5S KH JH 9H 8H 9C 8C 9D 5D
816,north,BS LS AS KS TS KH TH 7H KC 8C 3C 7D 4D
817,north,KS 9S 8S 4S AH KH 6H KC QC TC 6C 5C TD
818,north,BS QS 5S KH JH 9H 7H 3H KC QC TC 3C 7D
819,north,8S 3S 9H 8H JC 8C 6C 2C QD JD 9D 8D 6D
820,north,7S 6S 5S 3S AH JH KC 8C 5C KD 8D 5D 3D
821,north,AS KS 8S 6S AH 6H 5H 5C 4C AD QD 8D 4D
822,north,DS JS 7S JH 9H AC TC 7C 6C 5C 5D 4D 3D
823,north,QS JS 8S KH 8H 5H 3H TC 7C 2C QD 8D 6D
824,north,6H 4H QC TC 9C 7C 6C 5C AD QD JD 7D 4D
825,north,AS KS QS TS 7S 6S 3S JC 9C 2C KD 9D 8D
826,north,DS QS 5S KH TH 6H TC 8C 7C 5C 3C 8D 5D
827,north,JS 8S 5S 4S 4H 3H AC KC QC 9C JD 7D 5D
828,north,LS KS QS 4S JH 5H 3H 9C 7C AD 9D 8D 5D
829,north,BS DS TS 8S AH 8H 7H 6H 6C 4C KD TD 3D
830,north,BS DS TS 6S 4S AH 5H 3H QC 5C AD TD 4D
831,north,LS QS TS 4S 3S 8H 6H 4H AC 7C 5C JD 9D
832,north,8S 5S 3S JH 8H 7H 6H 5H QC JC 9C 8D 4D
833,north,9S 7S 5S 3S 4H KC QC 8C 5C 4C 8D 6D 3D
834,north,BS LS DS 7S 5S KH TH 6H AC 6C 4C 6D 5D
835,north,9S 8S AH QH TH 8H 6H 3H 8C 4C AD JD 7D
836,north,DS JS 7H 6H 5H AC QC TC 2C QD JD 9D 4D
837,north,DS AS JS 9S 7S 6S 4S 6H 9C 8C 4C JD 9D
838,north,DS 9S 7S 4H KC 6C 4C 3C QD JD 9D 5D 4D
839,north,6S 4S 7H 6H 3H AC KC 8C 6C 5C 7D 5D 3D
840,north,AS QS 5S 3S TH 7H 5H 9C 8C 5C 2C 7D 3D
841,north,BS AH KH JH TH 5H AC QC JC TC 5C AD TD
842,north,BS DS KS 8S 5S 3S AC QC 3C QD TD 7D 5D
843,north,BS TH 5H 4H KC TC 9C 8C 4C 2C JD TD 8D
844,north,7S AH KH 7H KC QC 7C 2C KD QD TD 7D 5D
845,north,KS 7S 3S QH 7H 6H 3H 9C 5C 4C 2C JD 4D
846,north,LS 6S 9H 6H 3H 6C 2C JD 9D 8D 7D 5D 4D
847,north,KS QS 9S 8S 7S 6S 6H TC 4C KD TD 9D 5D
848,north,BS DS QS 9S 3S 7H 7C 2C KD QD JD 9D 5D
849,north,BS KS 5S 7H 3H KC QC JC TC TD 7D 4D 3D
850,north,LS KS QS JS 5S 3S KH TH 8H JD 9D 5D 3D
851,north,JS TS 9S 8S 7S AH 9H 8H 4H AC AD QD 7D
852,north,KS JH TH 6H 3H QC TC 3C AD TD 9D 7D 4D
853,north,AS QS 4S QH JH 9H 8H AC 7C 5C 7D 6D 3D
854,north,BS DS 7S 3S TH 9H 8H 7H 5H 3H TC 3C 4D
855,north,LS 4S AH KH JH 3H QC 9C 8C JD 9D 5D 4D
856,north,DS KS 4S AH KH TH 7H 6H 9C 2C KD TD 4D
857,north,BS QS JS 7S 6S 3S JH AC QC 3C KD JD 3D
858,north,AS JS TS 6S 5S QH TH KC QD JD 7D 5D 4D
859,north,DS AS 9S 8S KH 3H JC 9C 7C 5C QD 9D 4D
860,north,LS DS TS 9S 8S TH 8H 5H 4H AC JC 8C KD
861,north,DS QS 8S 6S KH 9H 6H JC 7C 6C 2C 5D 4D
862,north,BS LS KS 9S 6S 5S 3S KH 7H 9C 5C AD TD
863,north,BS LS DS JS JH TH 8H 6H AC TC KD 5D 4D
864,north,LS JS 8S 3S KH QH AC KC JC AD KD 8D 4D
865,north,LS JS 9S JH 4H 3H AC JC 7C 5C 3C TD 4D
866,north,BS DS TS 9S 8S 5S 4S QH 9H 3H 9C 4C QD
867,north,BS DS 7S 6S 5S KH 8H 6H KC JC TC 8C 6C
868,north,BS QS 7S 3S QH TH 7H 3H 8C 7C TD 9D 8D
869,north,QS TS 4S TH 9H 8H 5H AC TC 2C AD JD 4D
870,north,QS TS 9S JH 9H 8H 7H AC KC 5C 4C 2C KD
871,north,9S 6S 4S AH TH 9H 8H 4H QC TC 9C 7C 4D
872,north,LS DS 6S AH JH 9H QC 9C 5C AD KD 9D 4D
873,north,LS JS 8S JH AC TC 8C 6C 5C AD 7D 4D 3D
874,north,LS 5S TH 7H 6H AC 8C 7C 5C 3C KD 9D 5D
875,north,QS 7S 6S 3S TH 8H 7H 6H KC 6C JD 9D 7D
876,north,LS QS 4S AH TH 3H JC TC AD JD TD 9D 5D
877,north,QS TH 8H 7H 5H 4H QC 8C 5C 2C AD JD 8D
878,north,LS KS 5S 4S AH KH 9H 7H 6H QC 4C QD JD
879,north,BS LS DS TS 7S AC TC 8C 4C KD TD 7D 4D
880,north,DS QS AH 7H KC 9C 8C 6C AD QD TD 5D 3D
881,north,BS TS 9S 8S 6S 5S TH 5H AC 6C AD JD 7D
882,north,DS AS 9S 3S QH KC JC 9C 6C 2C KD 6D 3D
883,north,KS QS 9S AH JH 8H 3H KC 7C 5C QD JD 7D
884,north,BS AS KS 5S 3S 8H 7H 4H 3H JC 9C 8C 3D
885,north,LS KS 8S KH JH 9H AC 4C QD TD 6D 5D 4D
886,north,BS TS 6S AH QH JH TH 9H 8H 3H KC 9C KD
887,north,LS AS JS TS 9S KH 7H 3H AC QC 9C AD JD
888,north,BS KS 7S KH QH JH 7H QC 5C 4C 2C KD 6D
889,north,9S 6S 3S KH QH 8H 7H 4H AC 9C 2C QD 7D
890,north,9S 8S 7S 6S 3S KH 5H 3H TC 8C 6C JD 7D
891,north,BS DS TS 7S 6S AH AC AD KD TD 8D 7D 6D
892,north,AS KS JS 4S AH QH JC 5C AD JD 8D 5D 4D
893,north,BS DS KS KH QH 5H 4H 3H 2C KD 9D 7D 4D
894,north,AS 9S 7S AH JH TH 6H 4H TC 4C 3C TD 7D
895,north,BS LS QS 9S 8S 6H 5H AC 8C TD 8D 7D 3D
896,north,KS JS TS 3S TH 8H AC 9C 7C 4C 3C TD 8D
897,north,LS 6S 5S JH JC 9C 4C AD KD 9D 7D 6D 4D
898,north,KS 9S 6S AH QH TH 7H 3H TC QD 9D 7D 3D
899,north,BS TS JH 9H 8H 6H 4H QC 7C 6C 4C AD 5D
900,north,KS QS 9S 6S 3S 4H 3H AC QC 4C 2C TD 8D
901,north,DS KS 3S JH 8H 4H QC JC 8C 7C 5C KD JD
902,north,BS 9S QH JH 8H 7H AC 8C 5C 3C KD TD 7D
903,north,AS TS 8S 5S 4S 8H 5H KC 7C 5C 4C 3C 7D
904,north,LS KS QS 9S 5S 3S QH JH 9H 8H QC 8D 7D
905,north,9S 5S 4S 3S KH KC 9C 5C 2C JD TD 8D 7D
906,north,DS KS QS TS 7S 5S JH 7H 5H QC TC 2C 3D
907,north,BS DS KS 4S QH JH TH 6H 4H 8C 7C AD QD
908,north,DS QS TS 9S 7S 3S KH 8H AC TC JD 9D 7D
909,north,LS AS KS TS KH TH 3H 9C 6C KD QD JD 3D
910,north,DS TS 7S 5H TC 9C 8C 5C 3C 8D 6D 4D 3D
911,north,BS LS AS JS TH 7H 5H QC 5C 3C 2C 6D 4D
912,north,TS 9S 8S 3S 9H 7H KC 8C 4C AD QD 8D 6D
913,north,LS 7S TH 8H 7H 4H 3H 8C 3C QD TD 6D 3D
914,north,LS 9S 6S 5S 3S AH AC TC 6C AD KD 8D 6D
915,north,DS TS 6S AH JH TH 3H AC QC 7C 3C QD 8D
916,north,LS DS TS 6S JH 9H 7H 5H QC 4C TD 6D 4D
917,north,DS 9S 6S 5S 3S AH TH 4H KC 7C 6C 2C 6D
918,north,4S AH KH QH 9H 6H 4H KC TC 5C 3C TD 8D
919,north,JS 9S 5S 3S 3H KC TC 9C 5C TD 9D 8D 3D
920,north,BS DS AS TS 9S 8S 3S 8H 6C JD TD 8D 7D
921,north,LS KS 9S 8S JH 8H 5H 4H 9C 7C 2C 9D 7D
922,north,BS DS 8S 3S KH JH TH 7H TC 8C 6C 5D 4D
923,north,BS QS 9S 8S AH QH JH KC 3C 2C KD 9D 8D
924,north,KS TS 7S KH QH 6H 3H JC 6C 5C 2C JD 6D
925,north,LS AS TS AH KH TH 3H AC 9C 7C 3C 2C 6D
926,north,BS LS 9S AH JH TH 8H 6H JC KD QD 9D 8D
927,north,QS 7S 5S 4S 6H 5H TC 5C 4C 2C QD 8D 3D
928,north,BS LS AS 9S TH 3H 7C 3C 2C JD TD 7D 3D
929,north,KS JH AC KC 9C 5C 3C 2C KD QD 7D 6D 5D
930,north,AH QH JH TH AC KC TC 7C 4C KD 9D 7D 3D
931,north,LS DS QS 9S 7S AH 9H 3H AC QC 9C 8C 9D
932,north,BS AS 7S 6S 5S 4S AH 8H 4H 4C AD TD 6D
933,north,5S 4S 3S KH 7H 4H 3H 6C 3C 2C AD TD 4D
934,north,9S 4S JH 8H 4H KC QC 6C 4C QD TD 4D 3D
935,north,BS LS KS 4S AH 9H 8H 6H 5H KC JC 8D 6D
936,north,BS LS AS QS 9S 5S QH 3H KC QC 3C 7D 3D
937,north,LS DS AS KH QH 3H KC QC 8C 2C JD 9D 3D
938,north,8S 7S AH TH 9H 6H 9C 8C 6C 3C KD 9D 6D
939,north,BS KS KH 8H 6H 4H 3H 7C 5C 3C KD 7D 4D
940,north,8S 5S AH KH QH 9H 5H QC TC 8C 4C 2C 4D
941,north,LS DS AS JH 7H KC TC 4C 3C 2C AD 7D 6D
942,north,DS 7S 6S AH JH TH 4H JC TC 5C AD JD TD
943,north,BS AS TS 9S 7S AH KH TH 8H KC KD QD 3D
944,north,DS AS 7S 3S KH TH 3H AC 9C 4C 9D 8D 5D
945,north,BS KS TS 9S 3S KH 6C 5C 3C KD QD 4D 3D
946,north,KS 7S 5S TH 9H 6H 3H KC QC 9C 6C 2C QD
947,north,AS JS 3S JH 6H 4H AC TC 7C 6C 5C 3C 8D
948,north,BS 8S 7S 6S 4S JH 7H 6H 5H JC TC 6D 4D
949,north,JS TS 6S AH KH QC JC 9C 8C 5C 4C KD QD
950,north,BS QS 9S 7S 4S AH 8H KC JC TC 9C 5C KD
951,north,AS KS JS 3S KC QC 6C 4C QD 9D 8D 6D 4D
952,north,BS JS 9H 6H 5H 3H QC JC TC 8C 7C 3C JD
953,north,LS DS AS KS 6S 4S 3S KH JH TH 8C 6D 4D
954,north,8S 7S 3S JH TH 5H 4H KC QC 9C 3C 2C AD
955,north,JS 8S 7S QH TH 8H 5H KC QC TC 8C 4C QD
956,north,DS QS 9S 8S 5S 4S KH 7H JC 8C 5C 3C 3D
957,north,DS QS JS 9S 7S 5S 3S 7H 3H KC QD 9D 5D
958,north,BS TS 5S 3S TH 9H 4H QC 8C QD 9D 7D 6D
959,north,BS AS JS 8S 4S AH 3H KC 8C 4C 2C 7D 4D
960,north,DS 6S 4S AH QH 5H KC 8C QD JD TD 7D 3D
961,north,AS QS 8S 7S 3S QH 9H 3C AD QD JD TD 4D
962,north,DS AS TS 7S 4S QH 6H AC 6C TD 9D 5D 3D
963,north,JS TS 6S 4S TH 9H 5H JC TC 8C 4C 5D 3D
964,north,DS KS JS 8S 5S QH JH 5H AC TC 8C 4C 3D
965,north,BS AS TS 6S 4S KH QH 7H 9C 7C 5C 2C 3D
966,north,7S 5S JH 9H 9C 7C 6C 5C 4C 2C AD QD 4D
967,north,DS AS QS 5S AH KH QH 9H 7H 3H 7C KD QD
968,north,JS 8S 6S 5S 3S AH QC JC 9C 6C 4C 8D 4D
969,north,LS TS 5S 7H 5H 4H 3H QC 7C KD 9D 8D 7D
970,north,TS 5S 4S 3S KH QH 8H 6H AC JC 3C JD 8D
971,north,BS JS TS 8S 5S AH KH JC 8C 6C 5C 4C JD
972,north,AS JS 5S JH TH 5H AC 7C KD QD TD 9D 7D
973,north,DS KS QS 4S 8H 5H 4H 3H 9C 8C 7C 4C 5D
974,north,TS 9H 6H 5H 4H QC JC 4C 2C QD JD 6D 4D
975,north,BS KS QS 8S 7S 4S 9H 6H AC QD TD 5D 3D
976,north,AS 8S 5S 4S 4H 9C 7C 5C 2C JD 8D 6D 5D
977,north,DS 7S 5S 4S KH KC JC 3C 2C AD 9D 7D 3D
978,north,BS QS 8S 6S 5S QH TH 7H 9C 8C 5C KD QD
979,north,BS DS 9S 8S 7S QH 9H JC 6C 4C 3C AD 3D
980,north,KS 6S 5S AH KH 6H 5H QC 9C 9D 8D 7D 4D
981,north,LS 8S 4S KH TH 3H QC TC 9C 8C 6C TD 4D
982,north,BS AS TS 9S 6S AH JH 7H 3H QC 2C KD JD
983,north,QS 9S 8S KH 8H AC QC 8C 7C KD JD TD 3D
984,north,LS KS JS TS 4S 3S AH QH 8H 5H JC 5C KD
985,north,4S 3S JH 9H 8H 7H 5H QC 8C 7C JD 8D 7D
986,north,AS TS 8S 9H 8H 7H QC JC 6C 4C 3C KD 3D
987,north,BS DS 9S 7S 6H 5H TC 7C 6C 3C QD TD 4D
988,north,AS 4S JH 9H 8H KC TC 7C QD TD 8D 7D 3D
989,north,JS 5S 3S AH TH 8H 3H 9C 8C 5C 3C 2C 7D
990,north,LS AS 8S 4S TH 7H 7C 6C 5C 3C 9D 5D 3D
991,north,LS DS QS 9S 6S 5S AH KC JC 9C 7C AD 5D
992,north,BS DS KS QS 9S 8S 6S JH 8H 5H 3H 9C 3C
993,north,LS JS TS AH KC 7C 6C 5C AD KD 9D 8D 6D
994,north,7S 5S KH QH JH TH KC JC 7C 5C 9D 8D 6D
995,north,AS QS TS 9S 6S 5S 4S 8H AC 9C 6C 5C 5D
996,north,BS LS KS 9S 8S QH 6H AC JC 9C 8C 7D 6D
997,north,9S 7S 7H 3H AC KC AD KD QD 9D 8D 6D 3D
998,north,LS KS JS 8S 7S 6S AH QH 8H 8C 7C 6C 4C
999,north,8S 6S 3S QH TH 9H 8H 7H 4H 5C TD 6D 3D
